,City,Cloudiness,Country,Date,Humidity,Latitude,Longitude,Max Temp,Wind Speed
0,benghazi,0.0,LY,1544683430,100.0,32.12,20.07,67.13,18.86
1,punta arenas,75.0,CL,1544680800,76.0,-53.16,-70.91,50.0,11.41
2,ormara,0.0,PK,1544683432,76.0,25.21,64.64,74.33,11.81
3,byron bay,40.0,AU,1544680800,74.0,-28.65,153.62,89.6,23.04
4,salalah,0.0,OM,1544680200,33.0,17.01,54.1,86.0,6.93
5,mataura,24.0,NZ,1544683436,56.0,-46.19,168.86,71.9,9.69
6,atuona,0.0,PF,1544683438,100.0,-9.8,-139.03,81.35,15.5
7,bonthe,56.0,SL,1544683439,96.0,7.53,-12.5,75.95,1.74
8,clyde river,40.0,CA,1544680800,77.0,70.47,-68.59,-2.21,3.36
9,hobart,75.0,AU,1544680800,68.0,-42.88,147.33,68.0,17.22
10,bluff,92.0,AU,1544683443,95.0,-23.58,149.07,73.43,5.1
11,zaysan,32.0,KZ,1544683445,89.0,47.47,84.87,24.38,0.51
12,ushuaia,90.0,AR,1544680800,76.0,-54.81,-68.31,50.0,5.82
13,la ronge,5.0,CA,1544680800,79.0,55.1,-105.3,26.6,9.17
14,jardim,44.0,BR,1544683449,76.0,-21.48,-56.15,74.42,4.65
15,bathsheba,20.0,BB,1544680800,61.0,13.22,-59.52,78.8,19.46
16,ponta do sol,20.0,BR,1544683452,96.0,-20.63,-46,61.51,2.53
18,bermejo,76.0,AR,1544683453,80.0,-22.73,-64.34,78.29,1.63
19,kawalu,56.0,ID,1544683454,100.0,-7.38,108.21,75.86,1.97
20,bubaque,0.0,GW,1544683456,100.0,11.28,-15.83,78.83,10.47
22,pevek,64.0,RU,1544683458,100.0,69.7,170.27,-13.47,3.42
23,cape town,75.0,ZA,1544680800,77.0,-33.93,18.42,62.6,2.24
24,ust-ishim,92.0,RU,1544683460,89.0,57.69,71.17,14.71,8.01
25,nikolskoye,90.0,RU,1544682600,90.0,59.7,30.79,32.0,8.95
26,busselton,0.0,AU,1544683463,73.0,-33.64,115.35,76.81,2.08
27,torbay,90.0,CA,1544680800,79.0,47.66,-52.73,26.6,14.99
28,atar,0.0,MR,1544683466,53.0,20.52,-13.05,48.19,5.55
29,aklavik,90.0,CA,1544680800,76.0,68.22,-135.01,-5.81,7.67
30,castro,48.0,CL,1544680800,87.0,-42.48,-73.76,48.2,9.17
31,butaritari,68.0,KI,1544683470,100.0,3.07,172.79,85.54,16.17
32,albany,75.0,US,1544681820,67.0,42.65,-73.75,17.96,4.7
33,kruisfontein,0.0,ZA,1544683473,82.0,-34.0,24.73,66.41,9.24
34,upernavik,68.0,GL,1544683474,100.0,72.79,-56.15,19.93,7.45
35,tasiilaq,92.0,GL,1544680200,91.0,65.61,-37.64,37.4,21.92
36,geraldton,90.0,CA,1544680800,100.0,49.72,-86.95,26.6,3.36
37,arraial do cabo,0.0,BR,1544683478,93.0,-22.97,-42.02,73.52,13.71
38,port elizabeth,20.0,US,1544680560,84.0,39.31,-74.98,35.06,5.21
39,rikitea,92.0,PF,1544683481,100.0,-23.12,-134.97,73.7,11.59
40,khatanga,64.0,RU,1544683483,73.0,71.98,102.47,8.0,17.29
41,tuktoyaktuk,90.0,CA,1544680800,76.0,69.44,-133.03,-4.01,14.99
42,kodiak,90.0,US,1544681700,55.0,39.95,-94.76,39.02,6.93
43,fukue,20.0,JP,1544682600,100.0,35.03,136.69,51.8,3.36
44,jennings,80.0,AU,1544683488,79.0,-28.93,151.93,72.71,8.68
45,avarua,90.0,CK,1544680800,88.0,-21.21,-159.78,75.2,4.7
46,coquimbo,0.0,CL,1544680800,93.0,-29.95,-71.34,55.4,8.05
47,tomatlan,44.0,MX,1544683492,90.0,19.93,-105.25,65.24,2.19
48,hokitika,80.0,NZ,1544683493,96.0,-42.72,170.96,63.49,1.63
49,egvekinot,24.0,RU,1544683495,67.0,66.32,-179.17,-5.59,8.01
50,faanui,32.0,PF,1544683496,100.0,-16.48,-151.75,82.79,8.12
51,kushiro,20.0,JP,1544680800,50.0,43.11,144.15,28.4,3.36
53,betera,92.0,ES,1544680800,81.0,39.58,-0.45,55.4,6.93
54,thompson,90.0,CA,1544680800,100.0,55.74,-97.86,21.2,5.82
55,yellowknife,5.0,CA,1544680800,77.0,62.45,-114.38,3.2,10.29
57,sitka,0.0,US,1544683503,68.0,37.17,-99.65,29.56,8.68
58,shimoda,75.0,JP,1544680800,53.0,34.7,138.93,53.6,10.29
59,saint-philippe,1.0,CA,1544682900,86.0,45.36,-73.48,3.2,4.7
60,nguru,0.0,NG,1544683508,43.0,12.88,10.45,55.97,6.55
61,port lincoln,92.0,AU,1544683509,86.0,-34.72,135.86,59.53,27.36
62,zhigansk,56.0,RU,1544683511,29.0,66.77,123.37,-20.22,9.57
63,hermanus,36.0,ZA,1544683513,83.0,-34.42,19.24,60.02,2.42
66,guerrero negro,0.0,MX,1544683514,100.0,27.97,-114.04,54.58,7.78
67,sisimiut,44.0,GL,1544683516,100.0,66.94,-53.67,-1.72,1.97
68,najran,0.0,SA,1544680800,37.0,17.54,44.22,69.8,3.98
70,kyrnasivka,88.0,UA,1544683519,89.0,48.6,28.98,29.51,11.7
71,mar del plata,12.0,AR,1544683265,52.0,-46.43,-67.52,59.3,10.13
72,kahului,1.0,US,1544680560,73.0,20.89,-156.47,75.02,11.41
73,liusha,88.0,CN,1544683522,89.0,27.21,108.59,34.78,3.65
74,puerto lempira,92.0,HN,1544683524,95.0,15.27,-83.77,73.16,3.09
75,iglesias,90.0,ES,1544680800,93.0,42.3,-3.99,44.6,16.11
76,vaini,0.0,IN,1544680800,32.0,15.34,74.49,80.6,4.7
77,carnarvon,0.0,ZA,1544683528,39.0,-30.97,22.13,62.41,4.54
78,pyapon,88.0,MM,1544683529,69.0,16.29,95.68,86.12,12.71
80,frankfort,90.0,US,1544681700,56.0,38.2,-84.87,50.0,13.87
81,mahanoro,64.0,MG,1544683532,85.0,-19.9,48.8,79.37,3.42
82,gat,24.0,SN,1544680800,40.0,14.69,-16.54,69.8,16.11
83,palimbang,75.0,PH,1544680800,66.0,14.9,120.78,86.0,9.17
84,miramar,0.0,CR,1544680800,52.0,10.09,-84.73,68.0,12.75
85,port alfred,12.0,ZA,1544683538,90.0,-33.59,26.89,68.08,10.25
86,lorengau,80.0,PG,1544683539,100.0,-2.02,147.27,84.68,2.08
88,mahebourg,75.0,MU,1544680800,62.0,-20.41,57.7,84.2,13.87
90,saskylakh,24.0,RU,1544683542,57.0,71.97,114.09,-6.31,12.26
91,enumclaw,90.0,US,1544681700,75.0,47.2,-121.99,46.4,8.05
92,trincomalee,92.0,LK,1544683545,84.0,8.58,81.23,81.31,8.68
93,bethanien,0.0,NA,1544683546,44.0,-26.5,17.16,65.33,5.55
94,vila velha,75.0,BR,1544680800,74.0,-3.71,-38.6,80.6,11.41
95,tiksi,0.0,RU,1544683549,63.0,71.64,128.87,-14.14,24.56
96,pendleton,1.0,US,1544681700,85.0,34.65,-82.78,37.22,3.36
98,new norfolk,75.0,AU,1544680800,68.0,-42.78,147.06,68.0,17.22
99,huaihua,88.0,CN,1544683553,94.0,27.56,109.96,37.7,3.76
100,tura,0.0,IN,1544683554,60.0,25.52,90.21,73.48,6.67
101,nome,90.0,US,1544681700,85.0,30.04,-94.42,64.04,6.93
102,georgetown,40.0,GY,1544680800,100.0,6.8,-58.16,73.4,4.7
103,avera,1.0,US,1544681700,94.0,33.19,-82.53,35.78,3.53
104,nanortalik,88.0,GL,1544683560,89.0,60.14,-45.24,26.09,13.82
105,portland,90.0,US,1544680560,82.0,45.52,-122.67,48.02,11.41
106,bredasdorp,40.0,ZA,1544680800,56.0,-34.53,20.04,68.0,5.82
107,kapaa,75.0,US,1544680560,70.0,22.08,-159.32,75.92,26.4
108,bud,0.0,NO,1544682000,85.0,62.91,6.91,32.0,10.29
109,san policarpo,92.0,PH,1544683567,100.0,12.18,125.51,78.74,7.78
111,itanhem,88.0,BR,1544683568,93.0,-17.17,-40.33,66.28,2.64
112,batagay-alyta,0.0,RU,1544683570,0.0,67.8,130.41,-43.17,2.64
113,karratha,0.0,AU,1544683571,12.0,-20.74,116.85,108.17,14.27
114,ahipara,0.0,NZ,1544683572,71.0,-35.17,173.16,69.38,10.58
115,ponta delgada,40.0,PT,1544680800,81.0,37.73,-25.67,53.6,2.24
116,caravelas,76.0,BR,1544683575,100.0,-17.73,-39.27,78.34,9.57
117,yulara,0.0,AU,1544680800,18.0,-25.24,130.99,91.4,13.87
119,prince george,40.0,CA,1544680800,55.0,53.92,-122.75,35.6,23.04
120,mersing,92.0,MY,1544683579,87.0,2.43,103.84,83.33,11.7
121,constitucion,0.0,MX,1544683580,60.0,23.99,-104.67,41.12,4.21
122,ballina,90.0,IE,1544680800,93.0,54.11,-9.15,41.0,23.04
123,saint george,90.0,GR,1544680200,86.0,39.45,22.34,39.2,1.19
124,severo-kurilsk,24.0,RU,1544683585,100.0,50.68,156.12,27.04,13.82
125,arman,0.0,RU,1544683586,62.0,59.7,150.17,-14.28,5.44
126,esna,12.0,RO,1544683587,97.0,45.2,27.57,20.11,4.54
127,abadiania,40.0,BR,1544680800,93.0,-16.2,-48.71,60.8,9.17
128,lagoa,75.0,PT,1544680800,87.0,37.14,-8.45,59.0,16.11
129,katobu,64.0,ID,1544683591,77.0,-4.94,122.53,89.36,5.66
130,kununurra,0.0,AU,1544682600,39.0,-15.77,128.74,100.4,11.41
131,saldanha,88.0,PT,1544683594,97.0,41.42,-6.55,42.2,8.57
132,makat,92.0,KZ,1544683595,99.0,47.65,53.35,32.26,16.17
133,vila do maio,0.0,CV,1544683597,100.0,15.13,-23.22,72.94,17.18
134,moranbah,92.0,AU,1544683598,89.0,-22.0,148.04,77.75,7.11
135,puerto ayora,80.0,EC,1544683361,100.0,-0.74,-90.35,73.97,10.25
136,kuusamo,0.0,FI,1544682000,84.0,65.96,29.19,-2.21,1.12
138,cidreira,36.0,BR,1544683602,93.0,-30.17,-50.22,70.55,8.68
139,norman wells,75.0,CA,1544680800,76.0,65.28,-126.83,-5.81,3.36
140,suntar,76.0,RU,1544683604,71.0,62.16,117.65,0.98,5.99
141,barrow,0.0,AR,1544683606,53.0,-38.31,-60.23,64.16,13.27
142,qaanaaq,68.0,GL,1544683607,87.0,77.48,-69.36,5.66,3.09
143,hithadhoo,64.0,MV,1544683608,100.0,-0.6,73.08,80.41,11.7
144,la cruz,24.0,MX,1544683610,100.0,23.92,-106.89,63.8,3.65
145,carlsbad,75.0,CZ,1544680800,92.0,50.23,12.87,28.4,6.93
146,kaspiysk,20.0,RU,1544682600,61.0,42.88,47.64,48.2,17.9
147,abatskoye,80.0,RU,1544683614,76.0,56.29,70.46,11.74,11.03
148,ixtapa,40.0,MX,1544680140,100.0,20.71,-105.21,73.4,0.96
149,kavieng,32.0,PG,1544683617,100.0,-2.57,150.8,85.76,4.76
150,vestmannaeyjar,68.0,IS,1544683618,92.0,63.44,-20.27,45.04,29.93
152,kaoma,0.0,ZM,1544683620,79.0,-14.8,24.8,70.51,6.78
153,narsaq,8.0,GL,1544683621,48.0,60.91,-46.05,-4.24,3.09
154,santa cruz,1.0,US,1544683200,75.0,36.97,-122.03,50.0,2.19
155,grand-lahou,76.0,CI,1544683625,95.0,5.24,-5,74.69,2.53
156,yumen,0.0,CN,1544683626,72.0,40.29,97.04,25.78,4.76
157,port blair,44.0,IN,1544683627,100.0,11.67,92.75,81.17,19.53
159,hilo,90.0,US,1544680380,76.0,19.71,-155.08,75.02,6.93
160,manyana,90.0,AU,1544680800,100.0,-35.26,150.51,69.8,8.05
161,isangel,88.0,VU,1544683631,100.0,-19.55,169.27,77.12,15.17
162,iglas,12.0,IN,1544683633,100.0,27.71,77.94,60.47,7.56
163,uribia,0.0,CO,1544683634,76.0,11.71,-72.27,78.47,18.19
164,dikson,76.0,RU,1544683636,85.0,73.51,80.55,16.82,16.62
165,gandajika,44.0,CD,1544683638,97.0,-6.75,23.95,72.98,4.43
166,jamestown,64.0,AU,1544683639,63.0,-33.21,138.6,55.66,20.87
167,hearst,0.0,CA,1544683640,89.0,49.69,-83.67,19.34,7.23
168,sao jose do egito,20.0,BR,1544683605,91.0,-7.48,-37.27,65.69,5.77
169,hualmay,36.0,PE,1544683643,97.0,-11.1,-77.61,59.66,0.74
170,axim,36.0,GH,1544683645,100.0,4.87,-2.24,80.54,2.75
172,san fernando,20.0,TT,1544680800,88.0,10.28,-61.46,73.4,4.99
173,puerto escondido,32.0,MX,1544683648,100.0,15.86,-97.07,82.43,15.84
174,pontes e lacerda,64.0,BR,1544683649,89.0,-15.23,-59.33,73.84,3.42
176,pahrump,1.0,US,1544680680,22.0,36.21,-115.98,46.04,10.29
177,ostersund,90.0,SE,1544682000,92.0,63.18,14.64,10.4,1.12
178,dingle,64.0,PH,1544683653,71.0,11.0,122.67,83.6,15.17
179,mount isa,56.0,AU,1544682600,29.0,-20.73,139.49,98.6,10.29
180,rudnogorsk,24.0,RU,1544683656,71.0,57.27,103.75,12.32,7.45
181,sorland,75.0,NO,1544682000,87.0,67.67,12.69,42.8,21.92
182,diego de almagro,48.0,CL,1544683658,96.0,-26.39,-70.05,57.77,2.53
183,laguna,0.0,MX,1544683660,91.0,27.52,-110.01,52.33,0.63
184,tailai,0.0,CN,1544683661,51.0,46.39,123.41,8.54,9.46
185,kenai,90.0,US,1544680380,84.0,60.55,-151.26,21.92,3.36
187,port-gentil,20.0,GA,1544680800,94.0,-0.72,8.78,78.8,4.7
188,faya,75.0,SA,1544680800,82.0,18.39,42.45,60.8,9.17
190,vanavara,88.0,RU,1544683667,79.0,60.35,102.28,6.11,6.67
191,primorsk,68.0,RU,1544683668,97.0,60.37,28.62,25.33,8.46
192,lavrentiya,20.0,RU,1544683669,100.0,65.58,-170.99,9.53,35.63
193,miguel pereira,0.0,BR,1544680800,83.0,-22.45,-43.47,77.0,4.7
194,longyearbyen,75.0,NO,1544680200,80.0,78.22,15.63,35.6,27.51
195,navahrudak,88.0,BY,1544683673,86.0,53.59,25.82,27.35,14.27
197,uspenka,20.0,UA,1544683675,86.0,48.39,39.16,26.45,7.67
198,boueni,0.0,YT,1544682600,70.0,-12.9,45.08,87.8,4.7
199,zhezkazgan,90.0,KZ,1544682600,100.0,47.8,67.71,21.2,6.71
200,leningradskiy,68.0,RU,1544683679,94.0,69.38,178.42,-4.38,17.07
201,port hedland,0.0,AU,1544682600,21.0,-20.31,118.58,104.0,18.34
202,kirsanov,88.0,RU,1544683682,94.0,52.65,42.73,25.37,7.67
203,chokurdakh,48.0,RU,1544683683,37.0,70.62,147.9,-24.45,11.81
204,kholmogory,90.0,RU,1544682600,92.0,64.23,41.65,12.2,2.24
205,anloga,24.0,GH,1544683686,94.0,5.79,0.9,74.29,4.54
206,bethel,1.0,US,1544680560,82.0,60.79,-161.76,3.02,8.05
207,matara,8.0,PE,1544683689,95.0,-13.74,-72.9,39.01,1.74
208,gladstone,75.0,AU,1544682600,69.0,-23.84,151.26,80.6,12.75
210,sainte-suzanne,20.0,CH,1544682000,85.0,47.51,6.77,32.0,6.93
211,vardo,90.0,US,1544682300,79.0,39.62,-77.74,39.02,3.65
212,ginir,0.0,ET,1544683696,31.0,7.14,40.71,71.99,2.42
213,labuan,75.0,BN,1544680800,74.0,5.28,115.24,89.6,5.82
214,janakpur,0.0,NP,1544683699,22.0,26.73,85.92,80.18,3.53
215,the valley,20.0,AI,1544680800,73.0,18.22,-63.06,77.0,6.93
217,esperance,20.0,TT,1544680800,88.0,10.24,-61.45,73.4,4.99
218,lasa,75.0,CY,1544680800,58.0,34.92,32.53,59.0,5.82
219,east liverpool,40.0,US,1544680560,59.0,40.62,-80.58,42.08,3.36
220,kurayoshi,20.0,JP,1544680800,66.0,35.43,133.83,48.2,13.87
221,makakilo city,90.0,US,1544682780,94.0,21.35,-158.09,75.02,3.36
222,rutul,75.0,RU,1544680800,81.0,41.53,47.42,48.2,6.93
224,kangaatsiaq,68.0,GL,1544683710,100.0,68.31,-53.46,17.68,2.19
225,kropotkin,80.0,RU,1544683711,98.0,45.43,40.58,32.89,7.0
226,vanimo,0.0,PG,1544683713,100.0,-2.67,141.3,84.59,12.03
227,namatanai,64.0,PG,1544683714,93.0,-3.66,152.44,86.53,7.0
228,norilsk,80.0,RU,1544683716,88.0,69.35,88.2,11.06,16.06
230,seoul,20.0,KR,1544682600,51.0,37.57,126.98,37.94,2.24
231,talnakh,80.0,RU,1544683718,88.0,69.49,88.39,11.06,16.06
232,chuy,0.0,UY,1544683720,92.0,-33.69,-53.46,62.45,10.47
234,east london,0.0,ZA,1544683657,100.0,-33.02,27.91,70.55,11.25
235,vorotynets,92.0,RU,1544683722,88.0,56.06,45.86,17.54,7.11
237,jalu,0.0,LY,1544683724,73.0,29.03,21.55,40.49,3.53
238,westport,90.0,IE,1544680800,93.0,53.8,-9.52,41.0,23.04
240,terryville,90.0,US,1544682900,98.0,29.19,-97.07,65.66,8.05
241,muskogee,90.0,US,1544682900,76.0,35.75,-95.37,53.96,4.7
242,maniitsoq,20.0,GL,1544683729,100.0,65.42,-52.9,11.96,9.69
243,buston,20.0,TJ,1544682600,100.0,40.53,69.33,37.4,15.66
244,katsuura,40.0,JP,1544680800,46.0,33.93,134.5,53.6,10.29
245,victor harbor,75.0,AU,1544683320,62.0,-35.55,138.62,59.0,23.04
246,herat,0.0,AF,1544680500,46.0,34.35,62.22,50.0,3.2
247,lorain,20.0,US,1544681700,66.0,41.47,-82.18,41.0,4.7
248,olenegorsk,32.0,RU,1544683737,68.0,68.14,33.28,17.54,6.78
249,sept-iles,5.0,CA,1544680800,69.0,50.2,-66.38,-13.01,2.24
250,saint-michel-des-saints,0.0,CA,1544683740,64.0,46.68,-73.92,-14.86,2.42
251,pouembout,92.0,NC,1544683741,64.0,-21.12,164.9,76.81,2.53
252,pacific grove,1.0,US,1544681700,76.0,36.62,-121.92,50.0,9.17
253,siderno,75.0,IT,1544680500,82.0,38.28,16.3,55.4,4.7
255,lae,40.0,PG,1544680800,52.0,-6.72,146.98,91.4,3.09
256,ostashkov,80.0,RU,1544683746,87.0,57.14,33.12,27.17,17.18
258,aguascalientes,75.0,MX,1544679660,71.0,21.88,-102.3,55.4,6.93
259,chernushka,56.0,RU,1544683749,70.0,56.5,56.08,11.38,2.98
260,souillac,90.0,FR,1544680800,93.0,45.6,-0.6,44.6,8.05
261,petropavlovsk-kamchatskiy,0.0,RU,1544682600,65.0,53.05,158.65,5.0,2.24
262,longyan,92.0,CN,1544683753,87.0,25.1,117.03,47.96,2.53
263,te anau,92.0,NZ,1544683755,99.0,-45.41,167.72,58.18,3.53
264,wattegama,68.0,LK,1544683757,68.0,7.35,80.68,80.18,7.11
265,stephenville,1.0,US,1544682900,87.0,32.22,-98.2,57.38,5.82
267,belaya gora,44.0,RU,1544683760,0.0,68.54,146.19,-34.39,3.53
268,brasilia de minas,44.0,BR,1544683679,81.0,-16.21,-44.43,68.66,8.57
269,port augusta,75.0,AU,1544682780,45.0,-32.49,137.76,64.4,27.51
270,iisalmi,90.0,FI,1544682000,79.0,63.56,27.19,28.4,2.24
271,canora,1.0,CA,1544680800,73.0,51.64,-102.43,26.6,10.29
272,yarkovo,75.0,RU,1544682600,78.0,54.81,82.6,10.4,8.95
273,ulaanbaatar,12.0,MN,1544682600,40.0,47.92,106.92,15.8,3.98
274,bambous virieux,75.0,MU,1544680800,62.0,-20.34,57.76,84.2,13.87
275,san borja,80.0,BO,1544683771,98.0,-14.86,-66.75,70.82,1.74
276,merauke,36.0,ID,1544683772,91.0,-8.49,140.4,86.66,11.7
277,provideniya,36.0,RU,1544683773,100.0,64.42,-173.23,12.95,23.22
278,tshane,44.0,BW,1544683775,23.0,-24.02,21.87,81.35,14.27
279,mocuba,92.0,MZ,1544683776,100.0,-16.84,36.99,74.56,3.98
280,sao filipe,0.0,CV,1544683755,97.0,14.9,-24.5,73.84,18.75
281,suixi,0.0,CN,1544683779,55.0,33.92,116.76,43.1,4.54
282,mount gambier,90.0,AU,1544682600,100.0,-37.83,140.78,55.4,25.28
283,xique-xique,56.0,BR,1544683781,78.0,-10.82,-42.73,74.11,13.6
284,guilin,90.0,CN,1544680800,61.0,25.28,110.29,48.2,6.71
285,igarka,76.0,RU,1544683785,78.0,67.47,86.57,10.97,11.48
286,neuquen,20.0,AR,1544680800,37.0,-38.95,-68.06,71.6,5.82
287,ancud,80.0,CL,1544680800,87.0,-41.87,-73.83,48.2,9.17
289,coihaique,0.0,CL,1544680800,76.0,-45.58,-72.07,48.2,6.93
290,keti bandar,0.0,PK,1544683790,100.0,24.14,67.45,68.44,17.74
291,sinnamary,92.0,GF,1544683792,97.0,5.38,-52.96,79.06,12.59
292,san cristobal,75.0,EC,1544680800,100.0,-0.39,-78.55,55.4,3.36
293,kaitangata,36.0,NZ,1544683794,79.0,-46.28,169.85,59.21,17.29
294,svetlogorsk,20.0,RU,1544682600,72.0,53.14,59.15,14.0,8.95
296,san carlos de bariloche,0.0,AR,1544680800,76.0,-41.13,-71.31,48.2,9.17
297,akureyri,88.0,IS,1544683799,87.0,65.68,-18.09,23.21,1.97
298,foki,76.0,RU,1544683800,78.0,56.69,54.35,14.48,2.64
299,viedma,0.0,AR,1544683801,68.0,-40.81,-62.99,61.51,13.71
300,ridgecrest,20.0,US,1544680560,59.0,35.62,-117.67,42.08,4.7
302,sangmelima,88.0,CM,1544683804,97.0,2.93,11.98,69.43,2.75
303,kuytun,8.0,RU,1544683806,76.0,54.34,101.51,8.68,3.42
304,bambanglipuro,56.0,ID,1544683807,79.0,-7.95,110.28,84.59,6.44
305,inuvik,90.0,CA,1544680800,76.0,68.36,-133.71,-5.81,0.96
306,saurimo,20.0,AO,1544680800,77.0,-9.66,20.4,69.8,3.76
307,churapcha,64.0,RU,1544683811,45.0,62.0,132.43,-28.63,2.64
308,hobyo,0.0,SO,1544683812,73.0,5.35,48.53,82.07,17.52
309,nivala,56.0,FI,1544683814,86.0,63.93,24.96,17.0,3.65
310,tsogni,100.0,GA,1544683815,100.0,-2.79,10.1,78.02,1.41
311,aksum,8.0,ET,1544683816,84.0,14.12,38.72,59.93,3.53
312,ilulissat,8.0,GL,1544680200,78.0,69.22,-51.1,17.6,5.82
313,tuatapere,24.0,NZ,1544683819,82.0,-46.13,167.69,61.82,5.21
314,damaturu,0.0,NG,1544683820,41.0,11.75,11.96,55.52,6.44
315,palmeiras de goias,44.0,BR,1544683822,88.0,-16.8,-49.93,65.74,2.98
316,liaozhong,0.0,CN,1544682600,44.0,41.51,122.73,19.4,8.95
317,airai,32.0,TL,1544683825,76.0,-8.93,125.41,82.25,1.97
318,ladario,80.0,PT,1544683826,98.0,40.7,-7.74,43.46,8.12
319,hambantota,40.0,LK,1544681400,74.0,6.12,81.12,86.0,3.36
320,ugoofaaru,68.0,MV,1544683829,99.0,5.67,73,84.01,10.25
321,mindelo,75.0,PT,1544680800,81.0,41.31,-8.72,50.0,12.75
322,nova bana,90.0,SK,1544682000,92.0,48.42,18.64,23.0,2.24
324,antalaha,92.0,MG,1544683833,84.0,-14.9,50.28,80.45,8.01
325,cabo san lucas,40.0,MX,1544679840,63.0,22.89,-109.91,62.6,9.13
326,paamiut,12.0,GL,1544683835,98.0,61.99,-49.67,29.78,11.48
327,klaksvik,12.0,FO,1544682000,81.0,62.23,-6.59,44.6,21.92
328,lata,92.0,IN,1544683838,100.0,30.78,78.62,33.83,1.52
330,korsakov,20.0,RU,1544682600,66.0,46.63,142.78,15.8,2.24
331,merritt island,40.0,US,1544680560,86.0,28.54,-80.67,60.98,4.7
332,vostok,68.0,RU,1544683842,58.0,46.45,135.83,4.49,2.64
333,taltal,44.0,CL,1544683843,100.0,-25.41,-70.49,54.17,2.42
334,tommot,56.0,RU,1544683845,71.0,58.97,126.27,-6.85,3.65
335,biltine,0.0,TD,1544683846,25.0,14.53,20.93,64.43,15.28
336,naze,0.0,NG,1544683847,93.0,5.43,7.07,70.91,1.41
338,gombong,92.0,ID,1544683849,78.0,-7.19,109.31,80.72,2.64
339,rocha,0.0,UY,1544683850,90.0,-34.48,-54.34,55.93,6.78
340,zyryanka,0.0,RU,1544683852,0.0,65.73,150.89,-42.45,2.53
341,tautira,40.0,PF,1544682600,74.0,-17.73,-149.15,82.4,3.36
342,namibe,0.0,AO,1544683855,100.0,-15.19,12.15,69.47,2.75
343,harnosand,0.0,SE,1544682000,92.0,62.63,17.94,10.4,3.36
344,beringovskiy,24.0,RU,1544683857,100.0,63.05,179.32,-1.95,25.23
346,vila franca do campo,40.0,PT,1544680800,81.0,37.72,-25.43,53.6,2.24
347,taoudenni,0.0,ML,1544683860,60.0,22.68,-3.98,44.0,2.75
348,alice springs,0.0,AU,1544682600,24.0,-23.7,133.88,91.4,12.75
349,redmond,90.0,US,1544681700,85.0,47.67,-122.12,46.4,9.17
350,humberto de campos,64.0,BR,1544683864,93.0,-2.6,-43.46,80.41,13.15
351,dwarka,40.0,IN,1544682600,63.0,28.58,77.04,66.2,5.82
352,dukhovnitskoye,88.0,RU,1544683866,97.0,52.48,48.21,26.41,6.44
353,lensk,88.0,RU,1544683868,64.0,60.71,114.91,8.14,9.8
354,marsh harbour,88.0,BS,1544683869,100.0,26.54,-77.06,73.66,15.5
355,itanagar,20.0,IN,1544680800,44.0,27.1,93.63,78.8,5.82
356,sao joao da barra,32.0,BR,1544683855,98.0,-21.64,-41.05,78.83,22.66
357,tsirguliina,92.0,EE,1544680200,100.0,57.86,26.19,30.2,10.29
358,severo-yeniseyskiy,80.0,RU,1544683874,70.0,60.37,93.04,8.72,5.99
359,ensenada,0.0,MX,1544683876,80.0,31.86,-116.62,37.21,2.08
361,pitogo,76.0,PH,1544683877,96.0,13.79,122.09,81.49,22.32
362,elayirampannai,20.0,IN,1544682600,58.0,9.27,77.83,87.8,5.82
363,road town,1.0,VG,1544680380,87.0,18.42,-64.62,75.92,5.82
364,college station,90.0,US,1544682900,93.0,30.63,-96.33,64.94,9.17
365,matagami,0.0,NG,1544683882,39.0,9.67,8.4,64.79,8.23
366,colorado,0.0,BR,1544683884,84.0,-22.84,-51.97,72.44,2.75
367,lebu,0.0,ET,1544683885,55.0,8.96,38.73,57.95,3.98
368,mizdah,0.0,LY,1544683887,68.0,31.45,12.98,33.16,2.64
369,werda,90.0,DE,1544682000,92.0,50.44,12.3,30.2,6.93
370,pacatuba,48.0,BR,1544683889,91.0,-10.45,-36.65,72.26,5.66
371,padang,20.0,ID,1544683891,100.0,-0.92,100.36,82.7,5.77
372,hays,1.0,US,1544680560,84.0,38.88,-99.33,30.02,11.41
373,biskamzha,80.0,RU,1544683893,83.0,53.45,89.53,10.97,2.64
374,rognan,75.0,NO,1544682000,90.0,67.1,15.4,32.0,14.99
375,tessalit,0.0,ML,1544683896,47.0,20.2,1.01,41.44,3.65
376,hay river,40.0,CA,1544680800,84.0,60.82,-115.79,8.6,6.93
377,dutlwe,0.0,BW,1544683899,30.0,-23.98,23.93,78.88,11.59
378,hamilton,40.0,BM,1544680500,55.0,32.3,-64.78,64.4,14.99
379,ayan,0.0,TR,1544683902,80.0,40.67,33.6,12.23,2.19
380,namie,20.0,JP,1544680800,60.0,37.52,140.86,44.6,13.87
381,parry sound,76.0,CA,1544683904,81.0,45.34,-80.04,22.58,7.45
382,cherskiy,32.0,RU,1544683905,37.0,68.75,161.3,-24.45,4.54
384,birin,80.0,SY,1544683907,92.0,35.01,36.67,49.36,14.83
385,sabha,0.0,LY,1544683908,67.0,27.03,14.43,41.03,8.01
386,kulevcha,80.0,UA,1544683910,100.0,46.03,29.93,29.56,15.17
387,waipawa,92.0,NZ,1544683911,99.0,-39.94,176.59,61.1,4.54
388,port hardy,90.0,CA,1544680800,93.0,50.7,-127.42,42.8,13.87
389,qeshm,0.0,IR,1544682600,57.0,26.96,56.27,75.2,4.7
390,iseyin,0.0,NG,1544683915,90.0,7.97,3.6,70.1,2.75
392,nchelenge,92.0,ZM,1544683916,100.0,-9.35,28.74,67.09,3.09
393,abu zabad,0.0,SD,1544683918,41.0,12.35,29.25,60.34,11.81
394,codrington,92.0,AU,1544680800,54.0,-28.95,153.24,89.6,20.8
397,redding,1.0,US,1544681400,33.0,40.59,-122.39,53.06,6.93
398,rodrigues alves,0.0,BR,1544679900,100.0,-7.74,-72.65,73.4,3.76
399,yar-sale,80.0,RU,1544683924,86.0,66.83,70.83,16.78,19.64
400,rongcheng,44.0,CN,1544683925,79.0,37.16,122.42,37.39,17.63
401,gigmoto,92.0,PH,1544683926,100.0,13.78,124.39,79.06,15.28
402,ribeira grande,20.0,PT,1544683927,97.0,38.52,-28.7,63.89,22.66
403,saint-augustin,90.0,FR,1544680800,100.0,44.83,-0.61,44.6,6.93
404,solnechnyy,0.0,RU,1544683930,77.0,50.72,136.64,-12.03,2.42
405,peniche,75.0,PT,1544680800,62.0,39.36,-9.38,55.4,12.75
406,kupang,75.0,ID,1544682600,63.0,-10.16,123.6,91.4,10.29
407,cairns,75.0,AU,1544683200,74.0,-16.92,145.77,86.0,11.41
408,medeiros neto,88.0,BR,1544683936,93.0,-17.37,-40.22,66.28,2.64
409,kalaleh,0.0,IR,1544680800,30.0,37.38,55.49,69.8,16.11
410,huarmey,32.0,PE,1544683938,92.0,-10.07,-78.15,58.09,2.08
411,shelburne,90.0,CA,1544682720,92.0,44.08,-80.2,32.0,6.93
412,sechura,32.0,PE,1544683941,86.0,-5.56,-80.82,69.38,9.24
413,koutiala,0.0,ML,1544683942,45.0,12.39,-5.46,58.58,5.77
414,dillon,75.0,US,1544680380,59.0,45.22,-112.64,23.0,17.22
416,aykhal,64.0,RU,1544683945,62.0,65.95,111.51,-8.97,3.65
418,bilibino,44.0,RU,1544683947,0.0,68.06,166.44,-30.07,2.19
419,walvis bay,90.0,NA,1544680800,82.0,-22.95,14.51,62.6,2.24
420,bossangoa,0.0,CF,1544683949,53.0,6.5,17.45,67.58,3.65
421,conceicao do araguaia,56.0,BR,1544683951,90.0,-8.26,-49.26,74.69,2.75
422,dunedin,24.0,NZ,1544683952,85.0,-45.87,170.5,57.28,6.78
423,omaruru,0.0,NA,1544683953,46.0,-21.42,15.95,65.29,2.53
424,mayumba,64.0,GA,1544683955,99.0,-3.44,10.65,77.93,3.53
425,san patricio,8.0,PY,1544683956,63.0,-26.98,-56.83,81.26,4.76
426,sao gabriel da cachoeira,88.0,BR,1544683957,98.0,-0.13,-67.09,71.86,2.08
427,villa union,24.0,BO,1544683959,92.0,-10.79,-65.46,75.19,2.19
428,porbandar,0.0,IN,1544680800,9.0,21.64,69.61,82.4,11.41
429,santona,75.0,ES,1544682600,76.0,43.44,-3.46,55.4,21.92
430,rockingham,40.0,GB,1544682000,90.0,52.52,-0.72,39.2,12.75
432,kaupanger,0.0,NO,1544682000,100.0,61.18,7.24,12.2,11.41
433,abha,75.0,SA,1544680800,82.0,18.22,42.5,60.8,9.17
435,cayenne,75.0,GF,1544682600,83.0,4.94,-52.33,78.8,6.93
436,benevides,0.0,BR,1544680800,94.0,-1.36,-48.25,75.2,2.24
437,jutai,48.0,BR,1544683970,100.0,-1.71,-47.89,72.35,2.53
438,dhidhdhoo,0.0,MV,1544683971,100.0,6.88,73.1,84.01,9.69
439,yataity,8.0,PY,1544683972,75.0,-26.37,-56.07,79.96,2.08
440,mayo,5.0,CA,1544680800,76.0,63.59,-135.9,-9.41,2.98
441,shingu,75.0,JP,1544680800,50.0,33.72,135.99,51.8,9.17
442,mount pleasant,90.0,US,1544682900,81.0,33.16,-94.97,61.7,11.41
443,mandalgovi,0.0,MN,1544683979,51.0,45.76,106.27,13.13,5.21
444,burnie,92.0,AU,1544683980,95.0,-41.05,145.91,62.41,23.78
445,vieux-habitants,36.0,GP,1544682600,94.0,16.06,-61.77,71.6,9.17
446,nouadhibou,0.0,MR,1544683983,71.0,20.93,-17.03,63.53,16.62
447,lashio,48.0,MM,1544683984,80.0,22.93,97.75,70.33,0.96
448,veraval,90.0,FR,1544680800,100.0,49.65,0.71,32.0,18.34
449,elmont,90.0,US,1544682900,69.0,37.71,-77.49,36.68,5.82
450,shache,0.0,CN,1544683988,68.0,38.42,77.24,26.54,4.43
451,lima,0.0,PE,1544680800,88.0,-12.06,-77.04,66.2,8.05
452,atbasar,20.0,KZ,1544683991,57.0,51.81,68.36,2.33,3.09
453,broken hill,20.0,AU,1544680800,18.0,-31.97,141.45,69.8,32.21
454,prenzlau,24.0,DE,1544683994,88.0,53.32,13.87,26.54,3.09
455,sangar,64.0,RU,1544683996,34.0,63.92,127.47,-23.41,6.44
456,kang,0.0,BW,1544683997,29.0,-23.67,22.79,77.48,12.48
457,iqaluit,90.0,CA,1544680800,85.0,63.75,-68.52,15.8,5.82
458,gorontalo,56.0,ID,1544684000,72.0,0.54,123.06,83.74,3.65
459,sola,90.0,FI,1544682000,92.0,62.78,29.36,28.4,2.24
460,bereda,40.0,ES,1544682600,76.0,43.27,-7.54,50.0,14.99
461,verkhnetulomskiy,0.0,RU,1544682600,73.0,68.61,31.8,24.8,2.24
462,fortuna,0.0,ES,1544682600,71.0,38.18,-1.13,51.8,4.7
463,gornopravdinsk,92.0,RU,1544684006,86.0,60.06,69.92,16.96,6.11
464,tongzi,80.0,CN,1544684008,96.0,28.78,105.09,46.07,4.21
465,sa kaeo,0.0,TH,1544684009,48.0,13.8,102.09,87.29,14.05
466,erzin,40.0,TR,1544680200,62.0,36.95,36.2,51.8,4.7
467,oyem,92.0,GA,1544684012,96.0,1.6,11.57,70.91,2.98
468,sioux lookout,90.0,CA,1544680800,86.0,50.1,-91.92,28.4,8.05
469,dumas,0.0,IN,1544682600,35.0,21.09,72.71,84.2,6.93
470,biak,24.0,ID,1544684016,81.0,-0.91,122.88,85.94,3.09
471,san ramon,92.0,NI,1544684018,98.0,12.92,-85.84,66.86,1.97
472,talara,80.0,PE,1544684019,82.0,-4.58,-81.27,69.2,5.1
473,rawson,0.0,AR,1544684020,50.0,-43.3,-65.11,60.43,15.73
475,matata,56.0,NZ,1544684022,100.0,-37.89,176.76,66.01,6.11
478,abu dhabi,20.0,AE,1544680800,73.0,24.47,54.37,71.6,3.36
479,port shepstone,76.0,ZA,1544684025,86.0,-30.74,30.45,72.71,16.28
480,nicoya,0.0,CR,1544680800,78.0,10.15,-85.45,73.4,6.93
481,virginia beach,1.0,US,1544682900,92.0,36.85,-75.98,38.12,3.98
482,hun,0.0,BE,1544682000,92.0,50.34,4.87,32.0,6.93
484,krasnoborsk,68.0,RU,1544684031,81.0,61.56,45.93,18.35,4.09
486,bykovo,92.0,RU,1544684033,96.0,49.76,45.39,28.39,6.22
487,svetlaya,24.0,RU,1544684034,100.0,46.54,138.33,15.47,7.11
488,grand gaube,75.0,MU,1544680800,62.0,-20.01,57.66,84.2,13.87
489,chicama,75.0,PE,1544680800,94.0,-7.84,-79.15,68.0,4.7
491,thai binh,90.0,VN,1544682600,72.0,20.45,106.33,59.0,5.82
492,northam,40.0,GB,1544682000,65.0,51.04,-4.21,44.6,23.04
494,soe,80.0,EE,1544680200,100.0,57.91,26.05,30.2,10.29
495,scottsbluff,90.0,US,1544680380,61.0,41.87,-103.67,35.06,18.34
496,kavaratti,36.0,IN,1544684044,100.0,10.57,72.64,82.07,8.79
497,slave lake,75.0,CA,1544680800,68.0,55.28,-114.77,24.8,2.24
498,temir,48.0,KZ,1544684046,72.0,49.14,57.13,19.21,15.5
499,maracas,20.0,TT,1544680800,88.0,10.76,-61.44,73.4,8.46
501,margate,40.0,AU,1544682600,68.0,-43.03,147.26,69.8,16.11
502,praia da vitoria,20.0,PT,1544680800,72.0,38.73,-27.07,59.0,16.06
503,victoria,75.0,BN,1544682600,74.0,5.28,115.24,89.6,5.82
504,bangassou,0.0,CF,1544684054,62.0,4.74,22.82,69.65,4.54
505,cockburn town,88.0,TC,1544684056,100.0,21.46,-71.14,75.41,19.19
506,havoysund,20.0,NO,1544682000,98.0,71.0,24.66,41.0,47.2
507,mwinilunga,68.0,ZM,1544684058,96.0,-11.73,24.43,66.01,3.2
508,lazarev,0.0,RU,1544684060,68.0,52.23,141.51,-4.65,7.0
509,beausejour,90.0,CA,1544683080,92.0,50.06,-96.51,28.4,17.22
510,batemans bay,64.0,AU,1544684062,91.0,-35.71,150.18,70.69,0.96
511,bani,8.0,PH,1544684064,69.0,15.89,120.27,85.63,8.01
515,oyek,0.0,RU,1544684066,73.0,52.59,104.46,9.53,3.65
516,sehithwa,0.0,BW,1544684067,34.0,-20.47,22.7,76.31,10.8
517,andra,76.0,RU,1544684068,85.0,62.52,65.89,18.53,6.44
518,ko samui,40.0,TH,1544682600,79.0,9.54,99.94,84.2,9.17
519,xiaoweizhai,56.0,CN,1544684071,88.0,26.23,107.51,36.98,3.65
520,hammerfest,20.0,NO,1544682000,98.0,70.66,23.68,44.6,47.2
521,palu,92.0,ID,1544684074,93.0,-0.9,119.87,72.13,1.97
522,oriximina,76.0,BR,1544684075,99.0,-1.77,-55.87,74.96,3.09
523,lewisporte,90.0,CA,1544682600,92.0,49.25,-55.06,24.8,17.22
524,weligama,64.0,LK,1544684077,82.0,5.97,80.42,83.56,13.6
525,kapit,44.0,MY,1544684079,70.0,2.02,112.94,87.02,2.42
527,sile,90.0,US,1544682900,88.0,35.56,-106.37,35.06,18.34
528,tsumeb,20.0,NA,1544680800,41.0,-19.25,17.72,78.8,3.36
529,xining,0.0,CN,1544684083,47.0,36.62,101.77,29.74,2.64
530,kemin,0.0,KG,1544684084,82.0,42.79,75.7,24.83,2.53
532,piterka,76.0,RU,1544684086,95.0,50.68,47.44,28.79,4.99
534,bilma,0.0,NE,1544684087,65.0,18.69,12.92,42.88,3.98
535,altay,68.0,CN,1544684089,74.0,47.83,88.13,16.64,2.98
536,santa catarina de tepehuanes,0.0,MX,1544684090,82.0,25.34,-105.72,36.71,3.09
537,lichuan,32.0,CN,1544684091,61.0,30.3,108.94,42.56,1.52
538,kerrobert,5.0,CA,1544680800,72.0,51.92,-109.14,15.8,10.29
539,nurobod,0.0,UZ,1544682600,37.0,40.91,69.8,53.6,9.17
541,adre,0.0,TD,1544684096,28.0,13.47,22.2,59.21,14.27
542,kayanga,44.0,TZ,1544684097,88.0,-1.53,31.15,65.69,3.2
543,misratah,0.0,LY,1544684098,100.0,32.38,15.09,51.65,4.76
544,luderitz,0.0,NA,1544684100,83.0,-26.65,15.16,61.19,16.28
545,sonoita,1.0,US,1544682060,75.0,31.68,-110.66,48.02,14.99
546,ambilobe,0.0,MG,1544684102,100.0,-13.19,49.05,80.0,2.98
547,aksarka,48.0,RU,1544684104,77.0,66.56,67.8,17.99,15.73
548,coahuayana,76.0,MX,1544684105,78.0,18.62,-100.35,63.94,1.74
550,inhambane,40.0,MZ,1544680800,74.0,-23.87,35.38,82.4,13.87
553,jalgaon,0.0,IN,1544684109,56.0,21.0,75.57,77.98,4.65
554,aksu,90.0,KZ,1544682600,85.0,52.04,76.93,10.4,8.95
555,jinka,0.0,ET,1544684112,77.0,5.79,36.57,69.61,2.08
556,luganville,8.0,VU,1544684114,99.0,-15.51,167.18,82.52,7.67
557,sajanan,92.0,TN,1544680800,66.0,37.06,9.24,55.4,8.05
558,kozhva,80.0,RU,1544684116,90.0,65.11,57.05,24.83,8.46
559,vysokogornyy,0.0,RU,1544684117,63.0,50.1,139.13,-4.69,2.42
560,ada,90.0,US,1544682900,88.0,47.3,-96.52,26.6,10.29
561,tacuarembo,92.0,UY,1544683926,97.0,-31.73,-55.98,70.96,11.14
562,alekseyevka,75.0,RU,1544682600,92.0,53.25,50.49,26.6,8.95
563,thinadhoo,92.0,MV,1544684123,99.0,0.53,72.93,83.78,13.15
564,calmar,75.0,CA,1544680800,62.0,53.27,-113.81,26.6,11.41
565,ranong,75.0,TH,1544680800,66.0,9.96,98.62,87.8,11.41
566,vihti,75.0,FI,1544682000,86.0,60.42,24.32,28.4,12.75
567,przhevalskoye,88.0,RU,1544684128,82.0,55.51,31.85,28.61,17.52
568,yuli,0.0,NG,1544684129,58.0,10.52,9.86,56.29,4.65
570,maumere,36.0,ID,1544684131,97.0,-8.63,122.22,85.67,9.57
571,sur,0.0,OM,1544684132,99.0,22.57,59.53,75.77,6.11
572,lithakia,90.0,GR,1544682000,100.0,37.72,20.83,51.8,4.7
573,dzilam gonzalez,68.0,MX,1544684135,71.0,21.28,-88.93,68.84,6.22
575,san quintin,0.0,PH,1544684137,56.0,17.54,120.52,83.51,12.26
576,revelganj,56.0,IN,1544682600,47.0,25.78,84.64,75.2,3.65
577,panguna,76.0,PG,1544684139,60.0,-6.32,155.48,86.44,4.54
578,kiunga,20.0,PG,1544684141,42.0,-6.12,141.3,97.06,3.09
579,katherine,40.0,AU,1544682600,53.0,-14.47,132.26,95.0,10.29
580,xinqing,12.0,CN,1544684143,59.0,48.28,129.53,-2.85,3.98
581,uray,44.0,RU,1544684145,90.0,60.13,64.8,19.7,6.22
582,apatity,0.0,RU,1544684146,61.0,67.57,33.4,4.13,3.53
583,sheopur,0.0,IN,1544684147,92.0,25.67,76.7,60.83,5.66
584,lompoc,1.0,US,1544682900,87.0,34.64,-120.46,53.06,7.45
585,leirvik,0.0,NO,1544682000,69.0,59.78,5.5,35.6,12.75
586,grand-santi,68.0,GF,1544684151,97.0,4.27,-54.38,73.16,2.42
587,carroll,90.0,AU,1544683080,64.0,-30.99,150.44,71.6,14.99
588,pudozh,68.0,RU,1544684154,84.0,61.81,36.54,23.71,8.01
589,basoko,0.0,CD,1544684155,95.0,1.23,23.61,74.87,3.65
590,beloha,0.0,MG,1544684156,100.0,-25.17,45.06,82.52,4.43
591,birjand,0.0,IR,1544680800,28.0,32.86,59.22,44.6,4.7
593,raudeberg,75.0,NO,1544682000,69.0,61.99,5.14,37.4,14.99
594,arroio grande,76.0,BR,1544684161,100.0,-32.24,-53.09,67.58,11.81
595,srednekolymsk,36.0,RU,1544684162,0.0,67.46,153.71,-36.82,2.53
596,la rioja,32.0,AR,1544684164,90.0,-29.41,-66.86,69.02,2.42
597,khandyga,56.0,RU,1544684165,47.0,62.65,135.58,-29.08,2.64
598,manaus,40.0,BR,1544680800,94.0,-3.13,-59.98,77.0,2.64
599,naco,1.0,MX,1544682060,75.0,31.32,-109.94,46.04,14.99
600,agadez,0.0,NE,1544680800,47.0,16.97,7.99,55.4,3.2
601,morehead,75.0,US,1544682900,61.0,38.18,-83.43,46.94,10.29
602,el grullo,32.0,MX,1544684172,92.0,19.8,-104.22,55.79,1.74
603,swan river,8.0,CA,1544684173,86.0,52.11,-101.27,25.46,9.57
606,ravar,0.0,IR,1544684175,17.0,31.27,56.81,54.62,1.74
607,lhokseumawe,36.0,ID,1544684176,99.0,5.18,97.15,83.29,5.99
609,sinjar,20.0,SY,1544684177,91.0,35.59,37,47.06,8.79
610,blarney,75.0,IE,1544680800,93.0,51.93,-8.57,46.4,29.97
611,antofagasta,75.0,CL,1544680800,72.0,-23.65,-70.4,64.4,2.24
612,arcata,90.0,US,1544682900,100.0,40.87,-124.08,44.06,6.93
613,kriva palanka,0.0,MK,1544682600,85.0,42.2,22.33,19.4,3.76
614,camargo,0.0,MX,1544684184,80.0,27.69,-105.17,41.53,6.22
615,san juan,75.0,PH,1544680800,94.0,14.6,121.03,82.4,13.87
617,nurota,0.0,UZ,1544682600,81.0,40.56,65.69,53.6,18.34
618,ewa beach,90.0,US,1544682780,94.0,21.32,-158.01,75.02,3.36
619,henties bay,8.0,NA,1544684189,100.0,-22.12,14.28,59.39,2.42
620,zonguldak,75.0,TR,1544680200,100.0,41.25,31.83,35.6,6.93
621,iralaya,44.0,HN,1544684192,95.0,15.0,-83.23,77.71,8.79
622,west wendover,0.0,US,1544684131,46.0,40.74,-114.07,-0.1,2.53
624,olinda,90.0,EC,1544680800,78.0,-2.03,-79.75,75.2,6.93
625,half moon bay,90.0,US,1544683200,81.0,37.46,-122.43,50.0,5.55
626,atherton,20.0,GB,1544682000,64.0,53.52,-2.49,39.2,9.17
627,marawi,92.0,PH,1544684199,79.0,8.0,124.29,77.66,2.98
628,baruun-urt,0.0,MN,1544684200,39.0,46.68,113.28,12.32,10.02
629,bandarbeyla,92.0,SO,1544684201,100.0,9.49,50.81,79.51,16.06
630,jambi,92.0,ID,1544684203,79.0,-1.6,103.62,85.67,3.98
631,verkhnevilyuysk,76.0,RU,1544684204,74.0,63.45,120.31,-6.72,6.11
632,aqtobe,0.0,KZ,1544682600,57.0,50.28,57.21,21.2,11.18
